<?xml version="1.0" encoding="ISO-8859-1"?>
<metadata>
	<idinfo>
		<citation>
			<citeinfo>
				<origin>Bernhard Lehner, World Wildlife Fund US</origin>
				<pubdate>July 2004</pubdate>
				<title>Global Lakes and Wetlands Database, Level 3</title>
				<edition>Version 1</edition>
				<geoform Sync="TRUE">raster digital data</geoform>
				<serinfo></serinfo>
				<othercit>
Please cite as:
Lehner, B. and Doell, P. (2004): Development and validation of a global database of lakes, reservoirs and wetlands. Journal of Hydrology 296/1-4: 1-22.
</othercit>
				<lworkcit>
					<citeinfo></citeinfo>
				</lworkcit>
				<ftname Sync="TRUE">glwd_3</ftname><onlink>http://www.wwfus.org/science/data.cfm</onlink></citeinfo>
		</citation>
		<descript>
			<abstract>Level 3 of the Global Lakes and Wetlands Database (GLWD) comprises lakes, reservoirs, rivers, and different wetland types in the form of a global raster map at 30-sec resolution.</abstract>
			<purpose>GLWD-3 may serve as an estimate of wetland extents for global hydrology and climatology models, or to identify large-scale wetland distributions and important wetland complexes.</purpose>
			<supplinf>Supplemented by GLWD-1 and GLWD-2.</supplinf>
			<langdata Sync="TRUE">en</langdata></descript>
		<timeperd>
			<timeinfo>
				<sngdate>
					<caldate>July 2004</caldate>
				</sngdate>
			</timeinfo>
			<current>Based on various data sources, mostly 1970s to 1990s.</current>
		</timeperd>
		<status>
			<progress>Complete</progress>
			<update>As needed</update>
		</status>
		<spdom>
			<bounding>
				<westbc>-180</westbc>
				<eastbc>180</eastbc>
				<northbc>90</northbc>
				<southbc>-90</southbc>
			</bounding>
			<lboundng><leftbc Sync="TRUE">-180.000001</leftbc><rightbc Sync="TRUE">180.000018</rightbc><bottombc Sync="TRUE">-90.000008</bottombc><topbc Sync="TRUE">90.000001</topbc></lboundng></spdom>
		<keywords>
			<theme>
				<themekey>Lakes</themekey>
				<themekey>Wetlands</themekey>
			</theme>
			<place>
				<placekey>Global</placekey>
			</place>
		</keywords>
		<accconst>Free download at http://www.wwfus.org/science/data.cfm</accconst>
		<useconst>Restricted to non-commercial scientific, conservation and educational purposes.</useconst>
		<ptcontac>
			<cntinfo>
				<cntperp>
					<cntper>Bernhard Lehner</cntper>
					<cntorg>World Wildlife Fund US</cntorg>
				</cntperp>
				<cntpos>Hydrologist</cntpos>
				<cntaddr>
					<addrtype>mailing and physical address</addrtype>
					<address>1250 24th Street NW</address>
					<city>Washington</city>
					<state>DC</state>
					<postal>20037</postal>
					<country>USA</country>
				</cntaddr>
				<cntemail>bernhard.lehner@wwfus.org</cntemail>
			</cntinfo>
		</ptcontac>
		<datacred>
Bernhard Lehner and Petra Doell.
World Wildlife Fund US, Washington DC, USA.
Center for Environmental Systems Research, University of Kassel, Germany.
</datacred>
		<secinfo>
			<secclass>Unclassified</secclass>
		</secinfo>
		<native>ESRI ArcView 3.2 for Windows</native>
		<crossref>
			<citeinfo></citeinfo>
		</crossref>
		<natvform Sync="TRUE">Raster Dataset</natvform></idinfo>
	<dataqual>
		<lineage>
			<procstep>
			</procstep>
		</lineage>
	</dataqual>
	<spdoinfo>
		<direct Sync="TRUE">Raster</direct>
		<rastinfo><rasttype Sync="TRUE">Grid Cell</rasttype><rowcount Sync="TRUE">21600</rowcount><colcount Sync="TRUE">43200</colcount><rastxsz Sync="TRUE">0.008333</rastxsz><rastysz Sync="TRUE">0.008333</rastysz><rastbpp Sync="TRUE">8</rastbpp><vrtcount Sync="TRUE">1</vrtcount><rastorig Sync="TRUE">Upper Left</rastorig><rastcmap Sync="TRUE">FALSE</rastcmap><rastcomp Sync="TRUE">Default</rastcomp><rastband Sync="TRUE">1</rastband><rastdtyp Sync="TRUE">matrix values</rastdtyp><rastplyr Sync="TRUE">FALSE</rastplyr><rastifor Sync="TRUE">ESRI GRID</rastifor></rastinfo></spdoinfo>
	<spref>
		<horizsys>
			<geograph>
				<latres>0.000001</latres>
				<longres>0.000001</longres>
				<geogunit>Decimal degrees</geogunit>
			</geograph>
			<geodetic>
				<horizdn>North American Datum of 1983</horizdn>
				<ellips>Clarke 1866</ellips>
				<semiaxis>6378206.400000</semiaxis>
				<denflat>294.978698</denflat>
			</geodetic>
			<cordsysn><geogcsn>Geographic</geogcsn></cordsysn><planar><planci><plance Sync="TRUE">row and column</plance><coordrep><absres Sync="TRUE">0.008333</absres><ordres Sync="TRUE">0.008333</ordres></coordrep></planci></planar></horizsys>
	</spref>
	<eainfo>
		<detailed Name="glwd_3">
			<enttyp>
				<enttypl>GLWD-3</enttypl>
				<enttypd>Lake or wetland raster cells</enttypd>
				<enttypt Sync="TRUE">Table</enttypt><enttypc Sync="TRUE">12</enttypc></enttyp>
			<attr>
				<attrlabl Sync="TRUE">ObjectID</attrlabl>
				<attrdef Sync="TRUE">Internal feature number.</attrdef>
				<attrdefs Sync="TRUE">ESRI</attrdefs>
				<attrdomv>
					<udom Sync="TRUE">Sequential unique whole numbers that are automatically generated.</udom>
				</attrdomv>
				<attalias Sync="TRUE">ObjectID</attalias><attrtype Sync="TRUE">OID</attrtype><attwidth Sync="TRUE">4</attwidth><atprecis Sync="TRUE">0</atprecis><attscale Sync="TRUE">0</attscale></attr>
			<attr>
				<attrlabl Sync="TRUE">Value</attrlabl>
				<attrdef>Class of lake or wetland type (see data documentation).</attrdef>
				<attrdomv>
					<udom>Coordinates defining the features.</udom>
				</attrdomv>
				<attalias Sync="TRUE">Value</attalias><attrtype Sync="TRUE">Integer</attrtype><attwidth Sync="TRUE">0</attwidth><atprecis Sync="TRUE">0</atprecis><attscale Sync="TRUE">0</attscale></attr>
			<attr>
				<attrlabl Sync="TRUE">Count</attrlabl>
				<attrdef>Number of occurrences.</attrdef>
				<attalias Sync="TRUE">Count</attalias><attrtype Sync="TRUE">Double</attrtype><attwidth Sync="TRUE">0</attwidth><atprecis Sync="TRUE">0</atprecis><attscale Sync="TRUE">0</attscale></attr>
		</detailed>
	</eainfo>
	<distinfo>
		<resdesc>
Downloadable Data:
http://www.wwfus.org/science/data.cfm
</resdesc>
		<stdorder>
			<digform>
				<digtinfo>
					<formname>Shapefile</formname>
					<transize Sync="TRUE">26.967</transize>
					<dssize Sync="TRUE">26.967</dssize></digtinfo>
			</digform>
		</stdorder>
	</distinfo>
	<metainfo>
		<metd Sync="TRUE">20040719</metd>
		<metc>
			<cntinfo>
				<cntperp>
					<cntper>Bernhard Lehner</cntper>
					<cntorg>World Wildlife Fund US</cntorg>
				</cntperp>
				<cntpos>Hydrologist</cntpos>
				<cntaddr>
					<addrtype>mailing and physical address</addrtype>
					<address>1250 24th Street NW</address>
					<city>Washington</city>
					<state>DC</state>
					<postal>20037</postal>
					<country>USA</country>
				</cntaddr>
				<cntvoice>REQUIRED: The telephone number by which individuals can speak to the organization or individual.</cntvoice>
				<cntemail>bernhard.lehner@wwfus.org</cntemail>
			</cntinfo>
		</metc>
		<metstdn Sync="TRUE">FGDC Content Standards for Digital Geospatial Metadata</metstdn>
		<metstdv Sync="TRUE">FGDC-STD-001-1998</metstdv>
		<mettc Sync="TRUE">local time</mettc>
		<metsi>
			<metsc>Unclassified</metsc>
		</metsi>
		<metextns>
			<onlink>http://www.esri.com/metadata/esriprof80.html</onlink>
			<metprof>ESRI Metadata Profile</metprof>
		</metextns>
		<langmeta Sync="TRUE">en</langmeta><metextns><onlink Sync="TRUE">http://www.esri.com/metadata/esriprof80.html</onlink><metprof Sync="TRUE">ESRI Metadata Profile</metprof></metextns></metainfo>
	<Esri><MetaID>{FA470B54-0431-4A0E-804E-D151CB3FA325}</MetaID><CreaDate>20040719</CreaDate><CreaTime>19274300</CreaTime><SyncOnce>FALSE</SyncOnce><SyncDate>20040719</SyncDate><SyncTime>20012900</SyncTime><ModDate>20040719</ModDate><ModTime>20012900</ModTime></Esri><dataIdInfo><envirDesc Sync="TRUE">Microsoft Windows 2000 Version 5.1 (Build 2600) Service Pack 1; ESRI ArcCatalog 8.2.0.700</envirDesc><dataLang><languageCode Sync="TRUE" value="en"></languageCode></dataLang><idCitation><resTitle Sync="TRUE">glwd_3</resTitle><presForm><PresFormCd Sync="TRUE" value="005"></PresFormCd></presForm></idCitation><spatRpType><SpatRepTypCd Sync="TRUE" value="002"></SpatRepTypCd></spatRpType><geoBox esriExtentType="native"><westBL Sync="TRUE">-180.000001</westBL><eastBL Sync="TRUE">180.000018</eastBL><northBL Sync="TRUE">90.000001</northBL><southBL Sync="TRUE">-90.000008</southBL><exTypeCode Sync="TRUE">1</exTypeCode></geoBox></dataIdInfo><mdLang><languageCode Sync="TRUE" value="en"></languageCode></mdLang><mdStanName Sync="TRUE">ISO 19115 Geographic Information - Metadata</mdStanName><mdStanVer Sync="TRUE">DIS_ESRI1.0</mdStanVer><mdChar><CharSetCd Sync="TRUE" value="004"></CharSetCd></mdChar><mdHrLv><ScopeCd Sync="TRUE" value="005"></ScopeCd></mdHrLv><mdHrLvName Sync="TRUE">dataset</mdHrLvName><distInfo><distributor><distorTran><onLineSrc><orDesc Sync="TRUE">002</orDesc><linkage Sync="TRUE">file://\\GIS-LEHNER\C$\bernhard_work\GLWD\glwd_3</linkage><protocol Sync="TRUE">Local Area Network</protocol></onLineSrc><transSize Sync="TRUE">26.967</transSize></distorTran><distorFormat><formatName Sync="TRUE">Raster Dataset</formatName></distorFormat></distributor></distInfo><spatRepInfo><GridSpatRep><numDims Sync="TRUE">2</numDims><axDimProps><Dimen><dimName><DimNameTypCd Sync="TRUE" value="002"></DimNameTypCd></dimName><dimSize Sync="TRUE">43200</dimSize><dimResol Sync="TRUE">0.008333</dimResol></Dimen><Dimen><dimName><DimNameTypCd Sync="TRUE" value="001"></DimNameTypCd></dimName><dimSize Sync="TRUE">21600</dimSize><dimResol Sync="TRUE">0.008333</dimResol></Dimen></axDimProps><cellGeo><CellGeoCd Sync="TRUE" value="002"></CellGeoCd></cellGeo><tranParaAv Sync="TRUE">1</tranParaAv></GridSpatRep></spatRepInfo><mdDateSt Sync="TRUE">20040719</mdDateSt></metadata>
